{
    "train_loss": [
        1.906635273334592,
        1.579426839370136,
        1.421027008877244,
        1.282890232034432,
        1.159763636515122,
        1.0602515704872073,
        0.9719446158224299,
        0.904150921244954,
        0.8433560442554858,
        0.7912547006163486,
        0.7485550808352094,
        0.6983808685642804,
        0.6532195034877274,
        0.6064726851245229,
        0.556438570336778,
        0.5120196705178697,
        0.46553445463032683,
        0.4142559043658796,
        0.37913609555987426,
        0.3540996321180994,
        0.3348545374334321,
        0.31502717999062796,
        0.3049358112174411,
        0.29720481860545256,
        0.2807911283286043,
        0.2726341325414273,
        0.2552068367484928,
        0.24825342213229615,
        0.25293902348178304,
        0.25189595692610556,
        0.2620303612924361,
        0.24111504448476687,
        0.22874275444782982,
        0.23476614381453786,
        0.21932776093251946,
        0.21539085941721303,
        0.21348154654567555,
        0.21568297808484513,
        0.21008735421554062,
        0.21037077063391374,
        0.21723885066056436,
        0.21329457901938018,
        0.20363601406877355,
        0.19823844147514003,
        0.19970382992611374,
        0.20098295755857645,
        0.19756514486647392,
        0.1971578699673793,
        0.1955300483477208,
        0.18535342933826668,
        0.18858596578586934,
        0.1863287455120752,
        0.1870830960051958,
        0.18721850204837415,
        0.18845463096517925,
        0.17877918383640837,
        0.181180137245692,
        0.1781588469942411,
        0.18326425035448038,
        0.19644549038521078
    ],
    "val_loss": [
        1.7557901867798396,
        1.522011786699295,
        1.3586224019527435,
        1.2195721353803362,
        1.1484307604176658,
        1.051202465380941,
        0.9553869920117515,
        0.8984607011079788,
        0.8697703800031117,
        0.8187699658530099,
        0.7714445463248661,
        0.7268083883183343,
        0.7254232572657722,
        0.6490316774163928,
        0.5883984906332833,
        0.5892501899174282,
        0.48947459778615404,
        0.4595915217484747,
        0.41427466166870935,
        0.40765060431190897,
        0.4358777387865952,
        0.38537056903753963,
        0.3500981937561716,
        0.40252523124217987,
        0.42927916773727964,
        0.3142223523131439,
        0.313198946416378,
        0.3244456872344017,
        0.3198359672512327,
        0.3339692732053144,
        0.30197400360235144,
        0.288598721580846,
        0.3300131160233702,
        0.3040359480572598,
        0.28189111527587685,
        0.36125998571515083,
        0.29801034421793055,
        0.2628716387386833,
        0.27734236419200897,
        0.29831044588770184,
        0.3115450396601643,
        0.2722262128123215,
        0.27996415458619595,
        0.26032739292298046,
        0.30446002978299347,
        0.28728271036275793,
        0.28598033636808395,
        0.3141576594540051,
        0.2820029979837792,
        0.26873475073703695,
        0.26856264950973646,
        0.24871935615582125,
        0.27134352337036816,
        0.27155719857130733,
        0.2801292325769152,
        0.24883635262293474,
        0.2662430687674454,
        0.2797698543540069,
        0.2956814459924187,
        0.2626514163400446
    ],
    "train_dice": [
        0.0715647041797638,
        0.09763788431882858,
        0.11659704148769379,
        0.14104536175727844,
        0.18793952465057373,
        0.23045536875724792,
        0.26522669196128845,
        0.2928929328918457,
        0.3192201256752014,
        0.34142443537712097,
        0.3601992130279541,
        0.3784674108028412,
        0.39461463689804077,
        0.40931496024131775,
        0.42323601245880127,
        0.43577373027801514,
        0.44787320494651794,
        0.4591391086578369,
        0.47012126445770264,
        0.480135053396225,
        0.4895472526550293,
        0.4985659122467041,
        0.5066214799880981,
        0.5139380693435669,
        0.5218099355697632,
        0.5289632081985474,
        0.536166250705719,
        0.5429668426513672,
        0.5492638945579529,
        0.5551673769950867,
        0.5601469874382019,
        0.5655338168144226,
        0.5710026025772095,
        0.5762243866920471,
        0.5814136266708374,
        0.5863451957702637,
        0.5910793542861938,
        0.5955762267112732,
        0.6000362038612366,
        0.6041263341903687,
        0.608035683631897,
        0.6118466854095459,
        0.6156525015830994,
        0.6194716691970825,
        0.6229043006896973,
        0.6264415979385376,
        0.6298969388008118,
        0.6331459283828735,
        0.6362964510917664,
        0.6394126415252686,
        0.6425285339355469,
        0.6455001831054688,
        0.6483964920043945,
        0.651080310344696,
        0.6536605358123779,
        0.6563988924026489,
        0.6590083837509155,
        0.6616142392158508,
        0.6640376448631287,
        0.6661815643310547
    ],
    "val_dice": [
        0.05932650715112686,
        0.10778680443763733,
        0.14025768637657166,
        0.23662933707237244,
        0.23964780569076538,
        0.33196789026260376,
        0.42746084928512573,
        0.4793758988380432,
        0.3518446087837219,
        0.42921769618988037,
        0.506084144115448,
        0.503974437713623,
        0.3720476031303406,
        0.5104788541793823,
        0.5213611125946045,
        0.45439016819000244,
        0.5731769800186157,
        0.6054060459136963,
        0.6276649832725525,
        0.5434529185295105,
        0.5607267618179321,
        0.5431424975395203,
        0.6610919237136841,
        0.5389410853385925,
        0.5065091252326965,
        0.6745209097862244,
        0.6508064270019531,
        0.6587359309196472,
        0.665014386177063,
        0.6163052320480347,
        0.6350047588348389,
        0.6770626902580261,
        0.594637393951416,
        0.6534643769264221,
        0.6763100028038025,
        0.5391712188720703,
        0.6446682214736938,
        0.7007929682731628,
        0.6846272349357605,
        0.6445175409317017,
        0.640009880065918,
        0.6812648177146912,
        0.6664212942123413,
        0.6986085772514343,
        0.5946363210678101,
        0.62321937084198,
        0.6113789677619934,
        0.5705492496490479,
        0.6631923317909241,
        0.685714840888977,
        0.6878803968429565,
        0.7215749621391296,
        0.6691931486129761,
        0.6696282625198364,
        0.6245839595794678,
        0.7114152908325195,
        0.6798474192619324,
        0.6335530281066895,
        0.6483554244041443,
        0.6906070709228516
    ],