{
    "train_loss": [
        1.8003343131191047,
        1.5014909200890119,
        1.3297765569169393,
        1.1866027347801267,
        1.06627853064574,
        0.9751925131147222,
        0.905803989532382,
        0.8531878872435222,
        0.8048470560894456,
        0.7587176436601684,
        0.7173211075538812,
        0.6751874440400175,
        0.6361730214237242,
        0.5890406642773355,
        0.5519660311613896,
        0.5048976492050082,
        0.45990629944690437,
        0.4217509186083032,
        0.39084846751634467,
        0.36812645589658455
    ],
    "val_loss": [
        1.724675634077617,
        1.419215785605567,
        1.2932687572070531,
        1.1281391978263855,
        1.0456190024103438,
        0.9928665821041379,
        0.9443219623395375,
        0.8693415181977409,
        0.8218484606061663,
        0.8305854967662266,
        0.7756244774375644,
        0.7211164427655083,
        0.7275036211524691,
        0.6210043462259429,
        0.6428061212812152,
        0.5705657260758537,
        0.48663530711616787,
        0.47000850843531744,
        0.4590165274483817,
        0.4586190767586231
    ],
    "train_dice": [
        0.06947946548461914,
        0.09531547129154205,
        0.11140163242816925,
        0.13834550976753235,
        0.17501136660575867,
        0.20728227496147156,
        0.23343054950237274,
        0.2557689845561981,
        0.2824855446815491,
        0.31041526794433594,
        0.3355492353439331,
        0.35888928174972534,
        0.3778465688228607,
        0.39613837003707886,
        0.4119440019130707,
        0.42576372623443604,
        0.43938612937927246,
        0.45161473751068115,
        0.4629165828227997,
        0.47325319051742554
    ],
    "val_dice": [
        0.09247766435146332,
        0.11890405416488647,
        0.12009932845830917,
        0.22816261649131775,
        0.23313795030117035,
        0.18338876962661743,
        0.22002065181732178,
        0.3047650456428528,
        0.39379048347473145,
        0.34053048491477966,
        0.3235374093055725,
        0.4494835138320923,
        0.34554800391197205,
        0.4931578040122986,
        0.4461798667907715,
        0.5187597870826721,
        0.5570326447486877,
        0.5630474090576172,
        0.5309693813323975,
        0.5460140705108643
    ],
    "train_iou": [
        0.03727707266807556,
        0.05314292013645172,
        0.06405065953731537,
        0.08090271800756454,
        0.1034448966383934,
        0.1245725005865097,
        0.14274612069129944,
        0.15838904678821564,
        0.1761416643857956,
        0.1945716142654419,
        0.2115698754787445,
        0.22761170566082,
        0.24115292727947235,
        0.2544604539871216,
        0.266211599111557,
        0.2769225835800171,
        0.2876002788543701,
        0.29744237661361694,
        0.30674999952316284,
        0.31541070342063904
    ],
    "val_iou": [
        0.05135007202625275,
        0.07218049466609955,
        0.07015189528465271,
        0.13777141273021698,
        0.14138023555278778,
        0.10729162395000458,
        0.13205799460411072,
        0.19256369769573212,
        0.24560460448265076,
        0.20662921667099,
        0.19681929051876068,
        0.29649537801742554,
        0.214680477976799,
        0.3314571976661682,
        0.2960740923881531,
        0.35215258598327637,
        0.397927463054657,
        0.40572524070739746,
        0.37124499678611755,
        0.3866940438747406
    ],
    "train_pixel_acc": [
        0.9350613951683044,
        0.9626345038414001,
        0.9723737239837646,
        0.9772835373878479,
        0.9802477359771729,
        0.982293426990509,
        0.9837893843650818,
        0.9848970174789429,
        0.9857752323150635,
        0.9865320324897766,
        0.9871429800987244,
        0.9876655340194702,
        0.9881072044372559,
        0.9885414838790894,
        0.9888842105865479,
        0.9892248511314392,
        0.989544689655304,
        0.9898365139961243,
        0.9901116490364075,
        0.9903631806373596
    ],
    "val_pixel_acc": [
        0.973132312297821,
        0.9881583452224731,
        0.9861863851547241,
        0.9860711097717285,
        0.9857098460197449,
        0.9807926416397095,
        0.981031060218811,
        0.9861212372779846,
        0.9869987368583679,
        0.9805800914764404,
        0.9816791415214539,
        0.9914531111717224,
        0.9786379933357239,
        0.9906121492385864,
        0.9854757189750671,
        0.9926077127456665,
        0.9885318875312805,
        0.9885947108268738,
        0.9879292249679565,
        0.9922818541526794
    ],
    "epoch_times": [
        221.17878532409668,
        215.25477647781372,
        215.58264422416687,
        215.4152216911316,
        215.3804063796997,
        215.62693810462952,
        215.37863779067993,
        215.28015160560608,
        215.484965801239,
        215.54035663604736,
        215.60903787612915,
        215.6276957988739,
        215.7810297012329,
        215.86464881896973,
        215.56788086891174,
        215.43011808395386,
        215.28029799461365,
        216.48511600494385,
        216.26116561889648,
        215.8738317489624
    ]
}