{
    "train_loss": [
        1.105308,
        0.995499,
        0.92394,
        0.882254,
        0.855723,
        0.837311,
        0.818622,
        0.798515,
        0.775295,
        0.750661
    ],
    "val_loss": [
        1.17725,
        1.101079,
        0.998787,
        0.982475,
        0.891017,
        0.867955,
        0.873554,
        0.9032,
        0.743249,
        0.852447
    ],
    "epoch_train_times": [
        71.674412,
        72.315775,
        71.955237,
        77.020921,
        73.632781,
        68.22005,
        68.108506,
        65.540605,
        66.526937,
        64.640328
    ],
    "learning_rates": [
        0.0001,
        0.0001,
        0.0001,
        0.0001,
        0.0001,
        0.0001,
        0.0001,
        0.0001,
        0.0001,
        0.0001
    ],
    "train_dice": [
        0.272837,
        0.36699,
        0.532597,
        0.608202,
        0.649614,
        0.698874,
        0.780015,
        0.804277,
        0.825469,
        0.824378
    ],
    "val_dice": [
        0.361823,
        0.231633,
        0.263133,
        0.275238,
        0.298732,
        0.394054,
        0.389459,
        0.536291,
        0.421481,
        0.416333
    ],
    "train_dice_background": [
        0.844726,
        0.945757,
        0.989794,
        0.99632,
        0.997578,
        0.997733,
        0.99817,
        0.998228,
        0.998225,
        0.997665
    ],
    "val_dice_background": [
        0.858322,
        0.872207,
        0.98479,
        0.977625,
        0.991705,
        0.992164,
        0.985513,
        0.993073,
        0.98644,
        0.974352
    ],
    "train_dice_necrotic": [
        0.015263,
        0.021026,
        0.061044,
        0.070796,
        0.152734,
        0.33596,
        0.555649,
        0.601491,
        0.68272,
        0.704917
    ],
    "val_dice_necrotic": [
        0.538462,
        0.0,
        0.0,
        0.000665,
        0.153865,
        0.462085,
        0.153846,
        0.384615,
        0.157206,
        0.163755
    ],
    "train_dice_edema": [
        0.161283,
        0.298151,
        0.585977,
        0.719234,
        0.798527,
        0.803122,
        0.833624,
        0.85039,
        0.843432,
        0.810407
    ],
    "val_dice_edema": [
        0.050509,
        0.054325,
        0.067741,
        0.122664,
        0.04936,
        0.121966,
        0.110785,
        0.229016,
        0.157665,
        0.219532
    ],
    "train_dice_enhancing": [
        0.070075,
        0.203026,
        0.493573,
        0.646459,
        0.649618,
        0.658682,
        0.732617,
        0.766999,
        0.777499,
        0.784525
    ],
    "val_dice_enhancing": [
        0.0,
        0.0,
        0.0,
        0.0,
        0.0,
        0.0,
        0.307692,
        0.538462,
        0.384615,
        0.307692
    ],
    "train_iou": [
        0.219995,
        0.301382,
        0.441922,
        0.521518,
        0.557535,
        0.596871,
        0.672069,
        0.699934,
        0.722528,
        0.722131
    ],
    "val_iou": [
        0.330052,
        0.201386,
        0.251944,
        0.257654,
        0.292314,
        0.379546,
        0.374156,
        0.520152,
        0.402559,
        0.402013
    ],
    "train_iou_background": [
        0.746524,
        0.897881,
        0.979837,
        0.992672,
        0.995169,
        0.995478,
        0.996346,
        0.996462,
        0.996456,
        0.995347
    ],
    "val_iou_background": [
        0.753927,
        0.775395,
        0.970258,
        0.957228,
        0.983813,
        0.98464,
        0.971756,
        0.986457,
        0.973551,
        0.950734
    ],
    "train_iou_necrotic": [
        0.007703,
        0.010663,
        0.032693,
        0.03812,
        0.083764,
        0.209456,
        0.395267,
        0.437964,
        0.523074,
        0.547738
    ],
    "val_iou_necrotic": [
        0.538462,
        0.0,
        0.0,
        0.000333,
        0.153855,
        0.461812,
        0.153846,
        0.384615,
        0.155556,
        0.158923
    ],
    "train_iou_edema": [
        0.088347,
        0.179531,
        0.421643,
        0.573353,
        0.666979,
        0.676702,
        0.716832,
        0.74084,
        0.731031,
        0.696673
    ],
    "val_iou_edema": [
        0.027821,
        0.03015,
        0.037519,
        0.073057,
        0.031588,
        0.071731,
        0.063331,
        0.171075,
        0.096515,
        0.190704
    ],
    "train_iou_enhancing": [
        0.037407,
        0.117452,
        0.333516,
        0.481928,
        0.484228,
        0.505847,
        0.57983,
        0.624468,
        0.639553,
        0.648768
    ],
    "val_iou_enhancing": [
        0.0,
        0.0,
        0.0,
        0.0,
        0.0,
        0.0,
        0.307692,
        0.538462,
        0.384615,
        0.307692
    ],
    "summary": {
        "total_epochs": 10,
        "total_training_time_seconds": 699.64,
        "total_training_time_minutes": 11.66,
        "average_epoch_time_seconds": 69.96,
        "best_train_loss": 0.7507,
        "best_val_loss": 0.7432,
        "initial_learning_rate": 0.0001,
        "final_learning_rate": 0.0001,
        "min_learning_rate": 0.0001,
        "best_val_dice": 0.5363,
        "best_val_dice_background": 0.9931,
        "best_val_dice_necrotic": 0.5385,
        "best_val_dice_edema": 0.229,
        "best_val_dice_enhancing": 0.5385,
        "best_val_iou": 0.5202,
        "best_val_iou_background": 0.9865,
        "best_val_iou_necrotic": 0.5385,
        "best_val_iou_edema": 0.1907,
        "best_val_iou_enhancing": 0.5385
    },
    "config": {
        "batch_size": 16,
        "num_slices": 5,
        "slice_range": [
            22,
            122
        ],
        "num_epochs": 10,
        "optimizer": "Adam",
        "loss_function": "CombinedLoss",
        "model_type": "UNet",
        "model_parameters": 31044292,
        "dataset_type": "2.5D",
        "early_stopping_patience": 10,
        "augmentations": false,
        "device": "mps"
    }
}