{
    "train_loss": [
        0.46774554362253484,
        0.20961543343325809,
        0.17641209447520742,
        0.17073510531353525,
        0.16410721057629685,
        0.16147826428000572,
        0.1598766927730428,
        0.15537042089239558,
        0.15229063187468353,
        0.1497626498310138,
        0.14823894472941126,
        0.1447720536604286,
        0.1427138108121198,
        0.14106382244906362,
        0.1394926357993397,
        0.13779866497443452,
        0.13405597197536062,
        0.13536707494641814,
        0.1312755098620529,
        0.13138922539756973
    ],
    "val_loss": [
        0.33106201765917387,
        0.1952053900836379,
        0.18591282778336726,
        0.18677214785618404,
        0.18747704489855602,
        0.18603262050307626,
        0.18973138526793157,
        0.18664566082819295,
        0.18423990843264051,
        0.18302299877438782,
        0.18668434280627397,
        0.1838327250009051,
        0.18653328219174112,
        0.18555490053996218,
        0.18226315435769597,
        0.1867517010145164,
        0.1780942851685618,
        0.18352656834910336,
        0.18875592264373042,
        0.17795380610172634
    ],
    "train_dice": [
        0.6588384509086609,
        0.7817883491516113,
        0.7938633561134338,
        0.8111176490783691,
        0.8168643116950989,
        0.8220720887184143,
        0.8226006031036377,
        0.8369555473327637,
        0.8334725499153137,
        0.8369335532188416,
        0.8389464020729065,
        0.850430428981781,
        0.8458650708198547,
        0.849905252456665,
        0.843928337097168,
        0.8551838397979736,
        0.8553304076194763,
        0.8526396155357361,
        0.8606934547424316,
        0.8587996363639832
    ],
    "val_dice": [
        0.7151262164115906,
        0.734423816204071,
        0.7432124018669128,
        0.7353366017341614,
        0.7402615547180176,
        0.7407717704772949,
        0.721630334854126,
        0.7468721866607666,
        0.7696846127510071,
        0.752171516418457,
        0.7544025778770447,
        0.7456749081611633,
        0.7240915894508362,
        0.7264926433563232,
        0.737997829914093,
        0.7394800782203674,
        0.7663848996162415,
        0.7414676547050476,
        0.7460475564002991,
        0.76729816198349
    ],
    "train_iou": [
        0.49188804626464844,
        0.6455433368682861,
        0.6613972187042236,
        0.684675931930542,
        0.6923494338989258,
        0.6994777321815491,
        0.7005374431610107,
        0.7209742069244385,
        0.7163057327270508,
        0.720855176448822,
        0.7239816784858704,
        0.7410654425621033,
        0.7339380383491516,
        0.7400485873222351,
        0.7310082912445068,
        0.7478057742118835,
        0.7479803562164307,
        0.7441633343696594,
        0.7561314702033997,
        0.7532453536987305
    ],
    "val_iou": [
        0.5659614205360413,
        0.5842642188072205,
        0.596085786819458,
        0.5870247483253479,
        0.5927298665046692,
        0.5944264531135559,
        0.5738039612770081,
        0.6001198291778564,
        0.6272042393684387,
        0.6066132187843323,
        0.6089053750038147,
        0.5991418957710266,
        0.5766717791557312,
        0.5805512070655823,
        0.5900264382362366,
        0.5924891233444214,
        0.6235010027885437,
        0.5965357422828674,
        0.5998641848564148,
        0.6249911189079285
    ],
    "train_pixel_acc": [
        0.7474892735481262,
        0.7563481330871582,
        0.7725614905357361,
        0.790662944316864,
        0.793769359588623,
        0.8030629754066467,
        0.8058114051818848,
        0.8187275528907776,
        0.8243123888969421,
        0.821599543094635,
        0.8213949203491211,
        0.8386065363883972,
        0.8330180048942566,
        0.8362793326377869,
        0.8279237151145935,
        0.8451092839241028,
        0.845181941986084,
        0.8387517929077148,
        0.8503753542900085,
        0.8466801047325134
    ],
    "val_pixel_acc": [
        0.6997268795967102,
        0.7380005717277527,
        0.7206029295921326,
        0.7246931195259094,
        0.7261561751365662,
        0.731560230255127,
        0.689202070236206,
        0.7241789698600769,
        0.7691101431846619,
        0.736855685710907,
        0.7564367651939392,
        0.7349184155464172,
        0.7081133723258972,
        0.6970481276512146,
        0.736112117767334,
        0.7025026679039001,
        0.7675682902336121,
        0.7353501319885254,
        0.7286127209663391,
        0.758443295955658
    ],
    "learning_rates": [
        0.0001,
        0.0001,
        0.0001,
        0.0001,
        0.0001,
        0.0001,
        0.0001,
        0.0001,
        0.0001,
        0.0001,
        0.0001,
        0.0001,
        0.0001,
        0.0001,
        0.0001,
        0.0001,
        0.0001,
        0.0001,
        0.0001,
        0.0001
    ],
    "epoch_times": [
        7364.067300081253,
        6515.982450008392,
        6399.907480955124,
        5841.852061748505,
        5868.804004907608,
        5912.577778100967,
        6084.131187915802,
        6062.498444080353,
        5917.625013828278,
        5845.653923988342,
        5870.118281364441,
        5863.375506877899,
        6529.849576950073,
        10831.929820775986,
        5953.766844034195,
        6001.623211145401,
        6078.197158098221,
        5937.046688079834,
        6171.272892951965,
        12135.80501484871
    ]
}