{
    "train_loss": [
        1.073482,
        0.962113,
        0.900531,
        0.858419,
        0.82778,
        0.806328,
        0.782191,
        0.751675,
        0.721919,
        0.700826
    ],
    "val_loss": [
        1.11681,
        1.059399,
        0.995588,
        0.922615,
        0.86526,
        0.86018,
        0.868614,
        0.857887,
        0.849935,
        0.739427
    ],
    "epoch_train_times": [
        69.533483,
        68.252251,
        74.411829,
        64.93324,
        59.093375,
        64.683761,
        57.665105,
        55.584666,
        56.507949,
        55.783089
    ],
    "learning_rates": [
        0.0001,
        0.0001,
        0.0001,
        0.0001,
        0.0001,
        0.0001,
        0.0001,
        0.0001,
        0.0001,
        0.0001
    ],
    "train_dice": [
        0.285917,
        0.416766,
        0.504722,
        0.573203,
        0.635569,
        0.70042,
        0.754704,
        0.757119,
        0.801777,
        0.804901
    ],
    "val_dice": [
        0.496615,
        0.247506,
        0.264691,
        0.278358,
        0.326599,
        0.379812,
        0.425575,
        0.536376,
        0.448522,
        0.629195
    ],
    "train_dice_background": [
        0.890995,
        0.966851,
        0.988194,
        0.996282,
        0.997672,
        0.998002,
        0.997909,
        0.998026,
        0.997923,
        0.998002
    ],
    "val_dice_background": [
        0.909459,
        0.972858,
        0.987839,
        0.984774,
        0.990477,
        0.986696,
        0.983103,
        0.98721,
        0.972767,
        0.992613
    ],
    "train_dice_necrotic": [
        0.05564,
        0.096881,
        0.109956,
        0.071929,
        0.120603,
        0.322597,
        0.490424,
        0.486406,
        0.646886,
        0.670831
    ],
    "val_dice_necrotic": [
        0.538462,
        0.0,
        4e-06,
        0.0,
        0.23084,
        0.384615,
        0.309554,
        0.461538,
        0.160894,
        0.538462
    ],
    "train_dice_edema": [
        0.141739,
        0.419277,
        0.533563,
        0.658909,
        0.773264,
        0.784386,
        0.80029,
        0.80881,
        0.80772,
        0.815141
    ],
    "val_dice_edema": [
        0.538462,
        0.017066,
        0.070921,
        0.128656,
        0.085079,
        0.147936,
        0.101952,
        0.081372,
        0.198888,
        0.293399
    ],
    "train_dice_enhancing": [
        0.055293,
        0.184055,
        0.387174,
        0.56569,
        0.650737,
        0.696696,
        0.730191,
        0.735236,
        0.754581,
        0.735631
    ],
    "val_dice_enhancing": [
        7.8e-05,
        9.9e-05,
        0.0,
        0.0,
        0.0,
        0.0,
        0.307692,
        0.615385,
        0.461538,
        0.692308
    ],
    "train_iou": [
        0.236325,
        0.340594,
        0.413611,
        0.482092,
        0.545588,
        0.59759,
        0.645837,
        0.65057,
        0.693377,
        0.699727
    ],
    "val_iou": [
        0.47822,
        0.239107,
        0.253867,
        0.261746,
        0.315133,
        0.362803,
        0.410403,
        0.524236,
        0.429717,
        0.621141
    ],
    "train_iou_background": [
        0.807124,
        0.936039,
        0.976692,
        0.992593,
        0.995357,
        0.996012,
        0.99583,
        0.996061,
        0.995855,
        0.996012
    ],
    "val_iou_background": [
        0.835917,
        0.947658,
        0.976177,
        0.970203,
        0.981317,
        0.973821,
        0.967047,
        0.974936,
        0.947872,
        0.985609
    ],
    "train_iou_necrotic": [
        0.028705,
        0.051659,
        0.059641,
        0.037735,
        0.065187,
        0.203774,
        0.333475,
        0.332746,
        0.484373,
        0.513355
    ],
    "val_iou_necrotic": [
        0.538462,
        0.0,
        2e-06,
        0.0,
        0.230805,
        0.384615,
        0.308632,
        0.461538,
        0.157479,
        0.538462
    ],
    "train_iou_edema": [
        0.080829,
        0.27124,
        0.369589,
        0.498598,
        0.635221,
        0.648653,
        0.673488,
        0.682338,
        0.679288,
        0.690948
    ],
    "val_iou_edema": [
        0.538462,
        0.00872,
        0.039288,
        0.076783,
        0.048412,
        0.092775,
        0.058241,
        0.045086,
        0.15198,
        0.268185
    ],
    "train_iou_enhancing": [
        0.028643,
        0.103438,
        0.248524,
        0.399442,
        0.486586,
        0.541922,
        0.580556,
        0.591136,
        0.61399,
        0.598593
    ],
    "val_iou_enhancing": [
        3.9e-05,
        4.9e-05,
        0.0,
        0.0,
        0.0,
        0.0,
        0.307692,
        0.615385,
        0.461538,
        0.692308
    ],
    "summary": {
        "total_epochs": 10,
        "total_training_time_seconds": 626.45,
        "total_training_time_minutes": 10.44,
        "average_epoch_time_seconds": 62.64,
        "best_train_loss": 0.7008,
        "best_val_loss": 0.7394,
        "initial_learning_rate": 0.0001,
        "final_learning_rate": 0.0001,
        "min_learning_rate": 0.0001,
        "best_val_dice": 0.6292,
        "best_val_dice_background": 0.9926,
        "best_val_dice_necrotic": 0.5385,
        "best_val_dice_edema": 0.5385,
        "best_val_dice_enhancing": 0.6923,
        "best_val_iou": 0.6211,
        "best_val_iou_background": 0.9856,
        "best_val_iou_necrotic": 0.5385,
        "best_val_iou_edema": 0.5385,
        "best_val_iou_enhancing": 0.6923
    },
    "config": {
        "batch_size": 16,
        "slice_range": [
            22,
            122
        ],
        "num_epochs": 10,
        "optimizer": "Adam",
        "loss_function": "CombinedLoss",
        "model_type": "UNet",
        "model_parameters": 31044292,
        "dataset_type": "2D",
        "early_stopping_patience": 10,
        "augmentations": false,
        "device": "mps"
    }
}