{
    "train_loss": [
        0.726199,
        0.502712,
        0.413901,
        0.373963,
        0.352054,
        0.333097
    ],
    "val_loss": [
        0.589993,
        0.465129,
        0.415584,
        0.392496,
        0.375287,
        0.336295
    ],
    "epoch_train_times": [
        1558.806237,
        1501.757157,
        1502.020082,
        1488.841859,
        1494.757134,
        1494.60423
    ],
    "learning_rates": [
        0.0001,
        0.0001,
        0.0001,
        0.0001,
        0.0001,
        0.0001
    ],
    "train_dice": [
        0.62428,
        0.814987,
        0.851712,
        0.869483,
        0.884548,
        0.891201
    ],
    "val_dice": [
        0.666728,
        0.653594,
        0.615617,
        0.707484,
        0.710114,
        0.645495
    ],
    "train_dice_background": [
        0.994522,
        0.998165,
        0.998513,
        0.998636,
        0.998762,
        0.998819
    ],
    "val_dice_background": [
        0.997193,
        0.997558,
        0.995204,
        0.997968,
        0.998046,
        0.995869
    ],
    "train_dice_necrotic": [
        0.418211,
        0.697587,
        0.762282,
        0.794358,
        0.823802,
        0.832508
    ],
    "val_dice_necrotic": [
        0.465231,
        0.406894,
        0.392873,
        0.540056,
        0.537737,
        0.464714
    ],
    "train_dice_edema": [
        0.652498,
        0.780339,
        0.818063,
        0.835432,
        0.852522,
        0.859688
    ],
    "val_dice_edema": [
        0.554651,
        0.57082,
        0.549999,
        0.624523,
        0.633657,
        0.550114
    ],
    "train_dice_enhancing": [
        0.431891,
        0.783858,
        0.82799,
        0.849508,
        0.863107,
        0.873789
    ],
    "val_dice_enhancing": [
        0.649837,
        0.639106,
        0.52439,
        0.667389,
        0.671016,
        0.571284
    ],
    "train_iou": [
        0.518404,
        0.70612,
        0.754234,
        0.779106,
        0.800804,
        0.810937
    ],
    "val_iou": [
        0.589049,
        0.576769,
        0.53669,
        0.630448,
        0.633628,
        0.567777
    ],
    "train_iou_background": [
        0.989339,
        0.996338,
        0.99703,
        0.997275,
        0.997527,
        0.99764
    ],
    "val_iou_background": [
        0.994421,
        0.995138,
        0.990477,
        0.99595,
        0.996103,
        0.991789
    ],
    "train_iou_necrotic": [
        0.281703,
        0.540077,
        0.619011,
        0.661354,
        0.702219,
        0.714907
    ],
    "val_iou_necrotic": [
        0.376838,
        0.316885,
        0.298175,
        0.438646,
        0.439596,
        0.369264
    ],
    "train_iou_edema": [
        0.491344,
        0.641376,
        0.693211,
        0.718241,
        0.743561,
        0.75459
    ],
    "val_iou_edema": [
        0.438333,
        0.451468,
        0.426213,
        0.507286,
        0.513317,
        0.430253
    ],
    "train_iou_enhancing": [
        0.31123,
        0.64669,
        0.707686,
        0.739555,
        0.759908,
        0.776613
    ],
    "val_iou_enhancing": [
        0.546605,
        0.543586,
        0.431897,
        0.579911,
        0.585497,
        0.479803
    ],
    "summary": {
        "total_epochs": 6,
        "total_training_time_seconds": 9040.79,
        "total_training_time_minutes": 150.68,
        "average_epoch_time_seconds": 1506.8,
        "best_train_loss": 0.3331,
        "best_val_loss": 0.3363,
        "initial_learning_rate": 0.0001,
        "final_learning_rate": 0.0001,
        "min_learning_rate": 0.0001,
        "best_val_dice": 0.7101,
        "best_val_dice_background": 0.998,
        "best_val_dice_necrotic": 0.5401,
        "best_val_dice_edema": 0.6337,
        "best_val_dice_enhancing": 0.671,
        "best_val_iou": 0.6336,
        "best_val_iou_background": 0.9961,
        "best_val_iou_necrotic": 0.4396,
        "best_val_iou_edema": 0.5133,
        "best_val_iou_enhancing": 0.5855
    },
    "config": {
        "batch_size": 64,
        "slice_range": [
            22,
            122
        ],
        "num_epochs": 20,
        "optimizer": "Adam",
        "loss_function": "CombinedLoss",
        "model_type": "UNet",
        "model_parameters": 31044292,
        "dataset_type": "2D",
        "early_stopping_patience": 10,
        "augmentations": false,
        "device": "cuda"
    }
}